{"/source/game.json/Scenes":{"$components":"Persistance;Hierarchy;"},"/source/game.json/Assets":{"$components":"Persistance;Hierarchy;"},"/source/game.json/Scenes/Scene_71":{"$components":"Persistance;Hierarchy;Scene;"},"/source/game.json/Scenes/Scene_71/SceneCam":{"StreamPath":"memory://4294967354.bin","LocalTransform":[0.9063078165054321,7.450580596923828e-9,0.4226182699203491,0.0,-0.14454397559165955,0.9396926164627075,0.3099755346775055,0.0,-0.3971312642097473,-0.342020183801651,0.8516507148742676,0.0,18.0,14.0,-10.0,1.0],"GlobalTransform":[0.9063078165054321,7.450580596923828e-9,0.4226182699203491,0.0,-0.14454397559165955,0.9396926164627075,0.3099755346775055,0.0,-0.3971312642097473,-0.342020183801651,0.8516507148742676,0.0,18.0,14.0,-10.0,1.0],"CameraClearColor":{"x":62,"y":140,"z":255,"w":254},"CameraClear":true,"CameraNearClip":1.0,"CameraFarClip":100.0,"CameraViewport":{"x":0.0,"y":0.0,"z":1.0,"w":1.0},"CameraRenderTarget":"/PlayerContext","CameraLayer":2,"CameraViewMatrix":[0.9063077569007874,-0.14454397559165955,-0.3971312642097473,-0.0,7.450580596923828e-9,0.9396926164627075,-0.342020183801651,0.0,0.4226182699203491,0.3099755644798279,0.8516507744789124,-0.0,-12.087356567382813,-7.4541497230529789,20.45315170288086,1.0],"CameraProjectionMatrix":[0.625,0.0,0.0,0.0,0.0,1.0,0.0,0.0,-0.0,-0.0,1.0202020406723023,1.0,0.0,0.0,-2.0202019214630129,0.0],"Camera3DFov":90.0,"Camera3DAspectRatio":1.600000023841858,"Position3D":{"x":18.0,"y":14.0,"z":-10.0},"Scale3D":{"x":1.0,"y":1.0,"z":1.0},"RotationEuler3D":{"x":20.0,"y":-25.0,"z":0.0},"$components":"Stream;Persistance;Hierarchy;Camera;Transform;SceneNode;SimpleSceneRenderer;Camera3D;Transform3D;MemoryStream;"},"/source/game.json/Scenes/Scene_71/MeshInstance_73":{"StreamPath":"memory://4294967356.bin","LocalTransform":[1.0,0.0,0.0,0.0,0.0,1.0,0.0,0.0,0.0,0.0,1.0,0.0,0.0,0.0,0.0,1.0],"GlobalTransform":[1.0,0.0,0.0,0.0,0.0,1.0,0.0,0.0,0.0,0.0,1.0,0.0,0.0,0.0,0.0,1.0],"MeshInstanceMesh":"","MeshInstanceMaterial":"","MeshInstanceLayer":0,"Position3D":{"x":0.0,"y":0.0,"z":0.0},"Scale3D":{"x":1.0,"y":1.0,"z":1.0},"RotationEuler3D":{"x":0.0,"y":0.0,"z":0.0},"$components":"Stream;Persistance;Hierarchy;Transform;SceneNode;MeshInstance;Transform3D;MemoryStream;"},"/source/game.json/Assets/roguelikeSheet_transparent.png":{"StreamPath":"res://source/roguelikeSheet_transparent.png","$components":"Stream;Persistance;Hierarchy;PersistancePoint;FileStream;"},"/source/game.json/Assets/Textures/roguelikeSheet_transparent.png/Texture":{"StreamPath":"res://source/roguelikeSheet_transparent.png","TextureFormat":50,"TextureFlag":1344,"TextureDynamic":false,"TextureMipLevels":0,"TextureSize2D":{"x":968,"y":526},"$components":"BgfxTexture2D;Stream;Persistance;Hierarchy;Texture;Texture2D;FileStream;"},"/source/game.json/Assets/3x3x3.vox":{"StreamPath":"res://assets/chr_man.vox","$components":"Stream;Persistance;Hierarchy;PersistancePoint;FileStream;"},"/source/game.json/Assets/Materials/SpriteMaterial":{"StreamPath":"memory://4294967386.bin","MaterialProgram":"/.Sprite/Program","MaterialDepthTest":16,"MaterialWriteMask":7,"MaterialMultisampleMode":72057594037927936,"MaterialBlendMode":0,"$components":"Stream;Persistance;Hierarchy;Material;MemoryStream;"},"/source/game.json/Assets/Materials/SpriteMaterial/UniformState_121":{"UniformStateUniform":"/.Sprite/TextureUniform","UniformStateVec4":{"x":4.9605965637098528e-43,"y":1.401298464324817e-45,"z":0.0,"w":0.0},"UniformStateTexture":"/source/game.json/Assets/roguelikeSheet_transparent.png/Texture","UniformStateStage":0,"$components":"Persistance;Hierarchy;UniformState;"},"/source/game.json/Assets/Materials":{"$components":"Persistance;Hierarchy;"},"/source/game.json/Assets/Materials/VoxelMaterial":{"StreamPath":"memory://4294967380.bin","MaterialProgram":"/.voxel/Program","MaterialDepthTest":16,"MaterialWriteMask":7,"MaterialMultisampleMode":72057594037927936,"MaterialBlendMode":0,"$components":"Stream;Persistance;Hierarchy;Material;MemoryStream;"}}